{"count":1,"self":331.6685056,"total":4588.7017103,"children":{"InitializeActuators":{"count":32,"self":0.0009703,"total":0.0009703,"children":null},"InitializeSensors":{"count":32,"self":0.0029917999999999998,"total":0.0029917999999999998,"children":null},"AgentSendState":{"count":510017,"self":135.8747776,"total":264.5629482,"children":{"CollectObservations":{"count":3264224,"self":1.1777499999999999,"total":1.1777499999999999,"children":null},"WriteActionMask":{"count":3264224,"self":1.3653691,"total":1.3653691,"children":null},"RequestDecision":{"count":3264224,"self":6.0883367999999995,"total":126.1450497,"children":{"AgentInfo.ToProto":{"count":3264224,"self":5.7795016,"total":120.0567131,"children":{"GenerateSensorData":{"count":3264224,"self":101.4994304,"total":114.2772116,"children":{"RayPerceptionSensor.Perceive":{"count":6528448,"self":12.777780799999999,"total":12.7777807,"children":null}}}}}}}}},"DecideAction":{"count":510017,"self":3959.7576191999997,"total":3959.7576805,"children":null},"AgentAct":{"count":510017,"self":30.0021088,"total":30.002110199999997,"children":null},"AgentInfo.ToProto":{"count":64916,"self":0.17549099999999998,"total":2.7045043,"children":{"GenerateSensorData":{"count":64916,"self":2.2577346,"total":2.5290133,"children":{"RayPerceptionSensor.Perceive":{"count":129832,"self":0.2712787,"total":0.2712787,"children":null}}}}}},"gauges":{"SoccerTwos.CumulativeReward":{"count":64916,"max":0.382805318,"min":0,"runningAverage":0.025135804,"value":0.112800762,"weightedAverage":0.06624474}},"metadata":{"timer_format_version":"0.1.0","start_time_seconds":"1664303335","unity_version":"2020.3.0f1","command_line_arguments":"D:\\ProgramFiles\\Unity\\Editor\\Unity.exe -projectpath D:\\School\\4-2-Semester\\GraduatePaper\\Soccer -useHub -hubIPC -cloudEnvironment production -licensingIpc LicenseClient-sw980 -hubSessionId d1be7830-3e2b-11ed-9c5a-5d51c7c1276a -accessToken 6fdH78qAdy5UvD-jbUw3kYRHg0f8g7OiVVnnGU6u02E00df","communication_protocol_version":"1.5.0","com.unity.ml-agents_version":"2.0.1","scene_name":"TestTwo","end_time_seconds":"1664307923"}}